{
  "distribution": "exponential",
  "n": 100000000,
  "min_value": -2147483648,
  "max_value": 2147483647,
  "seed": 42,
  "dtype": "int64",
  "stats": {
    "n": 100000000,
    "min": -2147483645,
    "max": 2147483647,
    "mean": -1534534223.9418716,
    "variance": 3.7164235135295456e+17
  },
  "params": {
    "lam": 1.0
  }
}