{
  "distribution": "exponential",
  "n": 1000000,
  "min_value": -2147483648,
  "max_value": 2147483647,
  "seed": 42,
  "dtype": "int64",
  "stats": {
    "n": 1000000,
    "min": -2147483329,
    "max": 2147483647,
    "mean": -1533791146.52111,
    "variance": 3.724985035964108e+17
  },
  "params": {
    "lam": 1.0
  }
}