{
  "distribution": "exponential",
  "n": 10000000,
  "min_value": -2147483648,
  "max_value": 2147483647,
  "seed": 42,
  "dtype": "int64",
  "stats": {
    "n": 10000000,
    "min": -2147483441,
    "max": 2147483647,
    "mean": -1534530284.7881353,
    "variance": 3.715540356703217e+17
  },
  "params": {
    "lam": 1.0
  }
}