{
  "distribution": "reverse",
  "n": 100000,
  "min_value": -2147483648,
  "max_value": 2147483647,
  "seed": 42,
  "dtype": "int64",
  "stats": {
    "n": 100000,
    "min": -2147459846,
    "max": 2147371416,
    "mean": -1314138.71465,
    "variance": 1.5326866713867418e+18
  }
}