{
  "distribution": "reverse",
  "n": 10000000,
  "min_value": -2147483648,
  "max_value": 2147483647,
  "seed": 42,
  "dtype": "int64",
  "stats": {
    "n": 10000000,
    "min": -2147483030,
    "max": 2147483295,
    "mean": -91023.0440516,
    "variance": 1.53698292766067e+18
  }
}