{
  "distribution": "reverse",
  "n": 1000000,
  "min_value": -2147483648,
  "max_value": 2147483647,
  "seed": 42,
  "dtype": "int64",
  "stats": {
    "n": 1000000,
    "min": -2147474085,
    "max": 2147480689,
    "mean": 764709.402041,
    "variance": 1.5364986409994383e+18
  }
}