{
  "distribution": "sorted",
  "n": 100000000,
  "min_value": -2147483648,
  "max_value": 2147483647,
  "seed": 42,
  "dtype": "int64",
  "stats": {
    "n": 100000000,
    "min": -2147483607,
    "max": 2147483646,
    "mean": -105030.30177497,
    "variance": 1.5370550422818673e+18
  }
}