{
  "distribution": "exponential",
  "n": 1000000,
  "min_value": 0,
  "max_value": 4294967295,
  "seed": 42,
  "dtype": "uint64",
  "stats": {
    "n": 1000000,
    "min": 318,
    "max": 4294967295,
    "mean": 613692500.509419,
    "variance": 3.724985037261804e+17
  },
  "params": {
    "lam": 1.0
  }
}