{
  "distribution": "gaussian",
  "n": 100000,
  "min_value": 0,
  "max_value": 4294967295,
  "seed": 42,
  "dtype": "uint64",
  "stats": {
    "n": 100000,
    "min": 0,
    "max": 447,
    "mean": 39.73666,
    "variance": 3397.5962520444
  },
  "params": {
    "mu": 0.0,
    "sigma": 100.0
  }
}