{
  "distribution": "gaussian",
  "n": 10000000,
  "min_value": 0,
  "max_value": 4294967295,
  "seed": 42,
  "dtype": "uint64",
  "stats": {
    "n": 10000000,
    "min": 0,
    "max": 522,
    "mean": 39.6453806,
    "variance": 3388.0376812811433
  },
  "params": {
    "mu": 0.0,
    "sigma": 100.0
  }
}