{
  "distribution": "sorted",
  "n": 10000000,
  "min_value": 0,
  "max_value": 4294967295,
  "seed": 42,
  "dtype": "uint64",
  "stats": {
    "n": 10000000,
    "min": 618,
    "max": 4294966943,
    "mean": 2147392624.9559455,
    "variance": 1.53698292766067e+18
  }
}