{
  "distribution": "sorted",
  "n": 100000,
  "min_value": 0,
  "max_value": 4294967295,
  "seed": 42,
  "dtype": "uint64",
  "stats": {
    "n": 100000,
    "min": 23802,
    "max": 4294855064,
    "mean": 2146169509.28535,
    "variance": 1.5326866713867418e+18
  }
}