{
  "distribution": "uniform",
  "n": 100000000,
  "min_value": 0,
  "max_value": 4294967295,
  "seed": 42,
  "dtype": "uint64",
  "stats": {
    "n": 100000000,
    "min": 41,
    "max": 4294967294,
    "mean": 2147378617.6982152,
    "variance": 1.537055042281867e+18
  }
}